OBJECTID,Combined_Watershed_Name,NAW1_EN,NAW2_EN,NAW4_EN,USA_REG,USA_SUB,CAN_MDA,CAN_SDA,Shape_Length,Shape_Area
2,01A,Atlantic Ocean,Atlantic Ocean Seaboard,St. Croix River and southwest Bay of Fundy,-999,-999,01,01A,708845.143465582514182,5628884700.034296989440918
3,01B,Atlantic Ocean,Atlantic Ocean Seaboard,Gulf of St. Lawrence and Northern Bay of Fundy (N.B.),-999,-999,01,01B,2865006.113259975798428,60434495118.049636840820313
4,01C,Atlantic Ocean,Atlantic Ocean Seaboard,Prince Edward Island,-999,-999,01,01C,844577.230457422905602,5708145826.891281127929688
5,01D,Atlantic Ocean,Atlantic Ocean Seaboard,Bay of Fundy and Gulf of St. Lawrence (Nova Scotia),-999,-999,01,01D,1938192.181291860295460,21385578692.538097381591797
6,01E,Atlantic Ocean,Atlantic Ocean Seaboard,Nova Scotia - Atlantic Coast,-999,-999,01,01E,1897276.491064302390441,23200775682.685214996337891
7,01F,Atlantic Ocean,Atlantic Ocean Seaboard,Cape Breton Island,-999,-999,01,01F,1208106.042153807822615,10776115022.724863052368164
8,020,Atlantic Ocean,St. Lawrence River,Lake Erie,-999,-999,02,020,9754079.384169412776828,189741116782.981262207031250
9,02B,Atlantic Ocean,St. Lawrence River,Northeastern Lake Superior,-999,-999,02,02B,1935061.165699577890337,39696919038.794570922851563
10,02C,Atlantic Ocean,St. Lawrence River,Northern Lake Huron,-999,-999,02,02C,2014182.830853187246248,34718787070.204040527343750
11,02D,Atlantic Ocean,St. Lawrence River,Wanipitai and French (Ontario),-999,-999,02,02D,1076696.765607116278261,19506675755.763648986816406
12,02E,Atlantic Ocean,St. Lawrence River,Northeastern Lake Huron,-999,-999,02,02E,1126740.723911573411897,22033541963.838417053222656
13,02F,Atlantic Ocean,St. Lawrence River,Eastern Lake Huron,-999,-999,02,02F,981848.370863819727674,14853432619.862653732299805
14,02G,Atlantic Ocean,St. Lawrence River,Northern Lake Erie,-999,-999,02,02G,1333507.586019485024735,22804849489.403591156005859
15,02H,Atlantic Ocean,St. Lawrence River,North and west Lake Ontario,-999,-999,02,02H,1692177.000072436640039,28367298444.515007019042969
16,02J,Atlantic Ocean,St. Lawrence River,Upper Ottawa,-999,-999,02,02J,2075143.995267197024077,50576564045.093597412109375
17,02K,Atlantic Ocean,St. Lawrence River,Central Ottawa,-999,-999,02,02K,1337767.276903646066785,40463330551.656494140625000
18,02L,Atlantic Ocean,St. Lawrence River,Lower Ottawa,-999,-999,02,02L,1655318.745684150140733,54496072431.573509216308594
19,02M,Atlantic Ocean,St. Lawrence River,Upper St. Lawrence,-999,-999,02,02M,1910374.534719469491392,24096511430.364391326904297
20,02N,Atlantic Ocean,St. Lawrence River,Saint-Maurice,-999,-999,02,02N,1481700.953069825423881,42297306431.022171020507813
21,111,Atlantic Ocean,St. Lawrence River,Central St. Lawrence,1,111,02,02O,1460545.216796102933586,27584531401.710952758789063
22,02P,Atlantic Ocean,St. Lawrence River,Lower St. Lawrence,-999,-999,02,02P,1941993.661063963314518,37573910168.820716857910156
23,02Q,Atlantic Ocean,St. Lawrence River,Northern Gaspé Peninsula,-999,-999,02,02Q,1297929.143938443157822,13342377101.486011505126953
24,02R,Atlantic Ocean,St. Lawrence River,Saguenay,-999,-999,02,02R,2126112.398123081307858,87580781027.495162963867188
25,02S,Atlantic Ocean,St. Lawrence River,Betsiamites - Coast,-999,-999,02,02S,1110876.210575409699231,27185376930.807941436767578
26,02T,Atlantic Ocean,St. Lawrence River,Manicouagan and aux Outardes,-999,-999,02,02T,1719479.117646296741441,64950004800.795036315917969
27,02U,Atlantic Ocean,St. Lawrence River,Moisie and St. Lawrence Estuary,-999,-999,02,02U,1608025.763928623637185,39583021418.905784606933594
28,02V,Atlantic Ocean,Atlantic Ocean Seaboard,Gulf of St. Lawrence - Romaine,-999,-999,02,02V,1288435.020752583397552,36312156154.881614685058594
29,02W,Atlantic Ocean,Atlantic Ocean Seaboard,Gulf of St. Lawrence - Natashquan,-999,-999,02,02W,2187603.778060677461326,53650294825.878433227539063
30,02X,Atlantic Ocean,Atlantic Ocean Seaboard,Petit Mécatina and Strait of Belle Isle,-999,-999,02,02X,2169371.366293251048774,50320743806.955337524414063
31,02Y,Atlantic Ocean,Atlantic Ocean Seaboard,Northern Newfoundland,-999,-999,02,02Y,3916532.948594440706074,66081142854.554306030273438
32,02Z,Atlantic Ocean,Atlantic Ocean Seaboard,Southern Newfoundland,-999,-999,02,02Z,3634612.916038976050913,44745977457.133827209472656
33,03A,Hudson Bay,Hudson Bay Seaboard,Nottaway - Coast,-999,-999,03,03A,2154427.795779219828546,67410610068.990402221679688
34,03B,Hudson Bay,Hudson Bay Seaboard,Broadback and Rupert,-999,-999,03,03B,2228518.945905446540564,77051855260.010406494140625
35,03C,Hudson Bay,Hudson Bay Seaboard,Eastmain,-999,-999,03,03C,1800968.025387339759618,46196873683.411872863769531
36,03D,Hudson Bay,Hudson Bay Seaboard,La Grande - Coast,-999,-999,03,03D,2435549.563305872492492,112302816049.810516357421875
37,03E,Hudson Bay,Hudson Bay Seaboard,Grande rivière de la Baleine - Coast,-999,-999,03,03E,2153709.901155207771808,62866483513.229881286621094
38,03F,Hudson Bay,Hudson Bay Seaboard,Eastern Hudson Bay,-999,-999,03,03F,1192910.690683955326676,46194138803.084785461425781
39,03G,Hudson Bay,Hudson Bay Seaboard,Northeastern Hudson Bay,-999,-999,03,03G,2493911.637614732142538,99913260749.619155883789063
40,03H,Hudson Bay,Hudson Bay Seaboard,Western Ungava Bay,-999,-999,03,03H,2809822.793092660605907,77636424435.778381347656250
41,03J,Hudson Bay,Hudson Bay Seaboard,Rivière aux Feuilles - Coast,-999,-999,03,03J,2312500.439951068256050,63508504301.057479858398438
42,03K,Hudson Bay,Hudson Bay Seaboard,Koksoak,-999,-999,03,03K,1902367.514339391374961,44848960323.311096191406250
43,03L,Hudson Bay,Hudson Bay Seaboard,Caniapiscau,-999,-999,03,03L,2408985.478062050417066,88550467380.375030517578125
44,03M,Hudson Bay,Hudson Bay Seaboard,Eastern Ungava Bay,-999,-999,03,03M,3201669.569812119472772,105787401452.715621948242188
45,03N,Atlantic Ocean,Atlantic Ocean Seaboard,Northern Labrador,-999,-999,03,03N,5887985.809389931149781,92733263057.063995361328125
46,03O,Atlantic Ocean,Atlantic Ocean Seaboard,Churchill (Newfoundland and Labrador),-999,-999,03,03O,2757478.487817080691457,94396502685.212295532226563
47,03P,Atlantic Ocean,Atlantic Ocean Seaboard,Central Labrador,-999,-999,03,03P,2536979.372969984076917,35320854603.367477416992188
48,03Q,Atlantic Ocean,Atlantic Ocean Seaboard,Southern Labrador,-999,-999,03,03Q,1701701.515767309581861,37792297664.832305908203125
49,04A,Hudson Bay,Hudson Bay Seaboard,Hayes (Manitoba),-999,-999,04,04A,2149597.278447038959712,108834722874.733016967773438
50,04B,Hudson Bay,Hudson Bay Seaboard,Southwestern Hudson Bay,-999,-999,04,04B,890933.491453339927830,28172730651.244441986083984
51,04C,Hudson Bay,Hudson Bay Seaboard,Severn,-999,-999,04,04C,2246623.699269530829042,99343137385.376174926757813
52,04D,Hudson Bay,Hudson Bay Seaboard,Winisk - Coast,-999,-999,04,04D,2000220.903575956821442,78872355624.107147216796875
53,04E,Hudson Bay,Hudson Bay Seaboard,Ekwan - Coast,-999,-999,04,04E,1387743.074704590719193,50283213156.089767456054688
54,04F,Hudson Bay,Hudson Bay Seaboard,Attawapiskat - Coast,-999,-999,04,04F,2017017.453719810117036,56994349889.788360595703125
55,04G,Hudson Bay,Hudson Bay Seaboard,Upper Albany,-999,-999,04,04G,2509418.211426844820380,65045094850.520057678222656
56,04H,Hudson Bay,Hudson Bay Seaboard,Lower Albany - Coast,-999,-999,04,04H,1338177.629279372747988,42121606930.550704956054688
57,04J,Hudson Bay,Hudson Bay Seaboard,Kenogami,-999,-999,04,04J,1908520.928342428291216,52439074158.630050659179688
58,04K,Hudson Bay,Hudson Bay Seaboard,Moose (Ontario),-999,-999,04,04K,967862.696296427980997,17954551926.767711639404297
59,04L,Hudson Bay,Hudson Bay Seaboard,Missinaibi-Mattagami,-999,-999,04,04L,1471247.532107638195157,60402224091.699440002441406
60,04M,Hudson Bay,Hudson Bay Seaboard,Abitibi,-999,-999,04,04M,1302499.318847372895107,29115066068.041751861572266
61,04N,Hudson Bay,Hudson Bay Seaboard,Harricanaw - Coast,-999,-999,04,04N,1351129.555601926986128,43363903008.621719360351563
62,050,Hudson Bay,Nelson River,Lake Winnepeg,-999,-999,05,050,1729351.794091185554862,23734423590.795211791992188
63,05A,Gulf of Mexico,Mississippi River system,Pakowki Lake,-999,-999,05,05A,508715.720017041952815,5112178143.897047996520996
64,05B,Hudson Bay,Nelson River,Bow,-999,-999,05,05B,1400061.343195076100528,25547071478.383731842041016
65,05C,Hudson Bay,Nelson River,Red Deer,-999,-999,05,05C,1635281.120919625740498,50112465453.899894714355469
66,05D,Hudson Bay,Nelson River,Upper North Saskatchewan,-999,-999,05,05D,1083804.644249505596235,27892661145.410449981689453
67,05E,Hudson Bay,Nelson River,Central North Saskatchewan,-999,-999,05,05E,1617103.953246432589367,42104649033.507987976074219
68,05F,Hudson Bay,Nelson River,Battle,-999,-999,05,05F,1439390.167174762347713,30108878575.556797027587891
69,05G,Hudson Bay,Nelson River,Lower North Saskatchewan,-999,-999,05,05G,1862911.580317985266447,49475701389.751182556152344
70,05H,Hudson Bay,Nelson River,Lower South Saskatchewan,-999,-999,05,05H,1982404.277275370433927,55057662930.424598693847656
71,05J,Gulf of Mexico,Mississippi River system,Old Wives Lake,-999,-999,05,05J,2189445.932363802101463,74345414428.143341064453125
72,05K,Hudson Bay,Nelson River,Saskatchewan,-999,-999,05,05K,1973844.867062724195421,80907426844.880462646484375
73,05L,Hudson Bay,Nelson River,Lake Winnipegosis and Lake Manitoba,-999,-999,05,05L,2082735.281021870672703,82419570056.195144653320313
74,05M,Hudson Bay,Nelson River,Assiniboine,-999,-999,05,05M,2293563.939418216701597,50712798271.727424621582031
75,05Q,Hudson Bay,Nelson River,English,-999,-999,05,05Q,1464692.859652878716588,52119278986.923698425292969
76,05R,Hudson Bay,Nelson River,Eastern Lake Winnipeg,-999,-999,05,05R,1651381.817910423967987,56660967069.111244201660156
77,05S,Hudson Bay,Nelson River,Western Lake Winnipeg,-999,-999,05,05S,2294858.509848081041127,24717537740.331947326660156
78,05T,Hudson Bay,Nelson River,Grass and Burntwood,-999,-999,05,05T,1279090.242653369903564,41976260091.861953735351563
79,05U,Hudson Bay,Nelson River,Nelson,-999,-999,05,05U,2461070.425842023454607,48993213409.367477416992188
80,06A,Hudson Bay,Hudson Bay Seaboard,Beaver (Alberta-Saskatchewan),-999,-999,06,06A,1663701.527446814114228,49695530976.052894592285156
81,06B,Hudson Bay,Hudson Bay Seaboard,Upper Churchill (Manitoba),-999,-999,06,06B,1253785.393996627070010,44089968214.831382751464844
82,06C,Hudson Bay,Hudson Bay Seaboard,Central Churchill (Manitoba) - Upper,-999,-999,06,06C,1376643.096866212319583,45676788102.094146728515625
83,06D,Hudson Bay,Hudson Bay Seaboard,Reindeer,-999,-999,06,06D,1811972.108989183325320,67030844790.356300354003906
84,06E,Hudson Bay,Hudson Bay Seaboard,Central Churchill (Manitoba) - Lower,-999,-999,06,06E,1773915.327614751411602,51096962160.262191772460938
85,06F,Hudson Bay,Hudson Bay Seaboard,Lower Churchill (Manitoba),-999,-999,06,06F,1510632.367878535063937,54438461260.154777526855469
86,06G,Hudson Bay,Hudson Bay Seaboard,Seal - Coast,-999,-999,06,06G,1858310.498286228394136,75554459327.221862792968750
87,06H,Hudson Bay,Hudson Bay Seaboard,Western Hudson Bay - Southern,-999,-999,06,06H,1954759.987467532977462,72824523877.308700561523438
88,06J,Hudson Bay,Hudson Bay Seaboard,Thelon,-999,-999,06,06J,2710548.003145393449813,84927367605.665466308593750
89,06K,Hudson Bay,Hudson Bay Seaboard,Dubawnt,-999,-999,06,06K,2203324.520888151135296,68498913621.553161621093750
90,06L,Hudson Bay,Hudson Bay Seaboard,Kazan,-999,-999,06,06L,2453101.319688989315182,70260276599.372024536132813
91,06M,Hudson Bay,Hudson Bay Seaboard,Chesterfield Inlet,-999,-999,06,06M,1966816.516659267246723,68094250539.031509399414063
92,06N,Hudson Bay,Hudson Bay Seaboard,Western Hudson Bay - Central,-999,-999,06,06N,2166702.324371551629156,63346945855.499145507812500
93,06O,Hudson Bay,Hudson Bay Seaboard,Western Hudson Bay - Northern,-999,-999,06,06O,2142090.311843277420849,54080981371.997413635253906
94,06P,Hudson Bay,Hudson Bay Seaboard,Hudson Bay - Southampton Island,-999,-999,06,06P,4738909.645966345444322,48020077597.299011230468750
95,06Q,Hudson Bay,Hudson Bay Seaboard,Foxe Basin - Southampton Island,-999,-999,06,06Q,1623414.823584550991654,13229342054.518194198608398
96,06R,Hudson Bay,Hudson Bay Seaboard,Foxe Basin - Melville Peninsula,-999,-999,06,06R,3305809.316639806143939,59329098236.254074096679688
97,06S,Hudson Bay,Hudson Bay Seaboard,Foxe Basin - Baffin Island,-999,-999,06,06S,7370574.137045143172145,209915308296.034698486328125
98,06T,Hudson Bay,Hudson Bay Seaboard,Hudson Strait - Baffin and Southampton Islands,-999,-999,06,06T,4440016.640783266164362,46147231492.849296569824219
99,070,Arctic Ocean,Mackenzie River,Great Slave Lake,-999,-999,07,070,3041845.527404904365540,28637464821.490558624267578
100,071,Arctic Ocean,Mackenzie River,Lake Athabasca,-999,-999,07,071,865301.275314669124782,8014076107.722575187683105
101,07A,Arctic Ocean,Mackenzie River,Upper Athabasca,-999,-999,07,07A,1180808.361543532926589,34740855364.964569091796875
102,07B,Arctic Ocean,Mackenzie River,Central Athabasca - Upper,-999,-999,07,07B,1545302.484815295087174,40270155818.939895629882813
103,07C,Arctic Ocean,Mackenzie River,Central Athabasca - Lower,-999,-999,07,07C,1809577.786046490538865,56764940120.384727478027344
104,07D,Arctic Ocean,Mackenzie River,Lower Athabasca,-999,-999,07,07D,994647.388433140353300,29537333138.678012847900391
105,07E,Arctic Ocean,Mackenzie River,Williston Lake,-999,-999,07,07E,1969198.909160199342296,72054151836.535247802734375
106,07F,Arctic Ocean,Mackenzie River,Upper Peace,-999,-999,07,07F,1661524.613188921939582,67426697089.463676452636719
107,07G,Arctic Ocean,Mackenzie River,Smoky,-999,-999,07,07G,1302016.229901224141940,51289785033.718284606933594
108,07H,Arctic Ocean,Mackenzie River,Central Peace - Upper,-999,-999,07,07H,1108592.306071308907121,35314041893.792304992675781
109,07J,Arctic Ocean,Mackenzie River,Central Peace - Lower,-999,-999,07,07J,1950608.650401155930012,59142134411.068695068359375
110,07K,Arctic Ocean,Mackenzie River,Lower Peace,-999,-999,07,07K,1047390.226934071280994,36342873520.360458374023438
111,07L,Arctic Ocean,Mackenzie River,Fond-du-Lac,-999,-999,07,07L,1633748.673224267549813,70142746868.616607666015625
112,07M,Arctic Ocean,Mackenzie River,Lake Athabasca - Shores,-999,-999,07,07M,1736841.291237555211410,31917224550.994167327880859
113,07N,Arctic Ocean,Mackenzie River,Slave River,-999,-999,07,07N,1104853.580953147495165,16931210667.211446762084961
114,07O,Arctic Ocean,Mackenzie River,Hay,-999,-999,07,07O,1751346.745105749228969,51104617890.624656677246094
115,07P,Arctic Ocean,Mackenzie River,Southern Great Slave Lake,-999,-999,07,07P,919367.188890678691678,33796261138.196861267089844
116,07Q,Arctic Ocean,Mackenzie River,Great Slave Lake - East Arm South Shore,-999,-999,07,07Q,2889476.810429919976741,96382192838.145584106445313
117,07R,Arctic Ocean,Mackenzie River,Lockhart,-999,-999,07,07R,1237021.941506898263469,26958598632.785350799560547
118,07S,Arctic Ocean,Mackenzie River,Northeastern Great Slave Lake,-999,-999,07,07S,1758556.555266005685553,68619012387.375099182128906
119,07T,Arctic Ocean,Mackenzie River,Marian,-999,-999,07,07T,1426691.247059702640399,24127447149.158157348632813
120,07U,Arctic Ocean,Mackenzie River,Western Great Slave Lake,-999,-999,07,07U,1675298.289459472289309,30914392949.219615936279297
121,08E,Pacific Ocean,Pacific Ocean Seaboard,Skeena,-999,-999,08,08E,2579987.930482173338532,55529792470.256179809570313
122,08F,Pacific Ocean,Pacific Ocean Seaboard,Central Coastal Waters of British Columbia,-999,-999,08,08F,4933655.197838212363422,55530136470.022827148437500
123,08G,Pacific Ocean,Pacific Ocean Seaboard,Southern Coastal Waters of British Columbia,-999,-999,08,08G,2912817.965962923131883,42249135670.040100097656250
124,08H,Pacific Ocean,Pacific Ocean Seaboard,Vancouver Island,-999,-999,08,08H,3322967.282735466025770,35402795859.143356323242188
125,08J,Pacific Ocean,Fraser River,Nechako,-999,-999,08,08J,1966066.524574075359851,47087689811.127136230468750
126,08K,Pacific Ocean,Fraser River,Upper Fraser,-999,-999,08,08K,2225569.110796231776476,66764713562.630958557128906
127,08L,Pacific Ocean,Fraser River,Thompson,-999,-999,08,08L,1515255.391018864465877,55578340573.552780151367188
128,08O,Pacific Ocean,Pacific Ocean Seaboard,Queen Charlotte Islands,-999,-999,08,08O,1580029.402132610790431,10198201558.423427581787109
129,09A,Pacific Ocean,Yukon River,Headwaters Yukon,-999,-999,09,09A,1976536.784082703059539,93452511930.099182128906250
130,09B,Pacific Ocean,Yukon River,Pelly,-999,-999,09,09B,1558930.516178795835003,50019793498.838142395019531
131,09D,Pacific Ocean,Yukon River,Stewart,-999,-999,09,09D,1571158.507858202094212,50960319671.071937561035156
132,1001,Hudson Bay,Nelson River,Upper South Saskatchewan,10,1001,05,05A,1537421.954321010271087,42891415368.312965393066406
133,1002,Gulf of Mexico,Mississippi River system,Missouri Headwaters,10,1002, , ,1175119.867869658162817,36284692566.589599609375000
134,1003,Gulf of Mexico,Mississippi River system,Marias,10,1003, , ,1257514.039189225761220,51302752679.387496948242188
135,1004,Gulf of Mexico,Mississippi River system,Fort Peck Lake,10,1004, , ,1379790.394679715158418,60523794907.687828063964844
136,1005,Gulf of Mexico,Mississippi River system,Milk,10,1005,11,11A,1759084.637563459808007,59688379548.868484497070313
137,1006,Gulf of Mexico,Mississippi River system,Missouri-Poplar,10,1006,11,11A,1068844.116934257559478,33884393418.944881439208984
138,1007,Gulf of Mexico,Mississippi River system,Upper Yellowstone,10,1007, , ,1224837.214205051539466,37343544307.894927978515625
139,1008,Gulf of Mexico,Mississippi River system,Big Horn,10,1008, , ,1389192.230760574806482,59248176865.694808959960938
140,1009,Gulf of Mexico,Mississippi River system,Powder,10,1009, , ,1386961.558389778016135,48691394426.866111755371094
141,101,Atlantic Ocean,Atlantic Ocean Seaboard,St. John,1,101, , ,2001742.471675679786131,54995530550.732414245605469
142,1010,Gulf of Mexico,Mississippi River system,Lower Yellowstone,10,1010, , ,1439350.007544639520347,35793061481.279708862304688
143,1011,Gulf of Mexico,Mississippi River system,Lake Sakakawea,10,1011, , ,1684312.943243370391428,44300696217.778503417968750
144,1012,Gulf of Mexico,Mississippi River system,Belle Fourche,10,1012, , ,1277550.518773239105940,62572904226.022552490234375
145,1013,Gulf of Mexico,Mississippi River system,Cannonball-Heart-Knife,10,1013, , ,1591176.552082958864048,95727087734.982727050781250
146,1014,Gulf of Mexico,Mississippi River system,Fort Randall Reservoir,10,1014, , ,1488992.029599493136629,52246891872.581985473632813
147,1015,Gulf of Mexico,Mississippi River system,Niobrara,10,1015, , ,1493242.956355913775042,36470244473.078521728515625
148,1016,Gulf of Mexico,Mississippi River system,James-Missouri,10,1016, , ,1741069.118171134963632,54952150999.830337524414063
149,1017,Gulf of Mexico,Mississippi River system,Big Sioux,10,1017, , ,1410339.388626213418320,37744340437.363655090332031
150,1018,Gulf of Mexico,Mississippi River system,North Platte,10,1018, , ,2150903.870862965472043,80190367168.177703857421875
151,1019,Gulf of Mexico,Mississippi River system,South Platte,10,1019, , ,1531275.977484099101275,62443259046.640380859375000
152,102,Atlantic Ocean,Atlantic Ocean Seaboard,Penobscot,1,102, , ,1165997.800477080047131,22254320329.181015014648438
153,1020,Gulf of Mexico,Mississippi River system,Lower Platte,10,1020, , ,1522196.988918775692582,21373878565.721191406250000
154,1021,Gulf of Mexico,Mississippi River system,Loup,10,1021, , ,1138192.525302119785920,39155870161.272483825683594
155,1022,Gulf of Mexico,Mississippi River system,Elkhorn,10,1022, , ,918163.683106287498958,18047266064.658351898193359
156,1023,Gulf of Mexico,Mississippi River system,Missouri-Little Sioux,10,1023, , ,883180.347931074677035,24011047833.801227569580078
157,1024,Gulf of Mexico,Mississippi River system,Missouri-Nishnabotna,10,1024, , ,1050626.925276253372431,34925851053.743850708007813
158,1025,Gulf of Mexico,Mississippi River system,Republican,10,1025, , ,1677675.780737905064598,64668070590.027122497558594
159,1026,Gulf of Mexico,Mississippi River system,Smoky Hill,10,1026, , ,1333185.942578837275505,51829446938.499038696289063
160,1027,Gulf of Mexico,Mississippi River system,Big Blue,10,1027, , ,1302657.759110486833379,39363822885.791213989257813
161,1028,Gulf of Mexico,Mississippi River system,Chariton,10,1028, , ,877233.672053417772986,28434724541.208370208740234
162,1029,Gulf of Mexico,Mississippi River system,Gasconade,10,1029, , ,1356415.622887934558094,48505208255.293052673339844
163,103,Atlantic Ocean,Atlantic Ocean Seaboard,Kennebec,1,103, , ,821589.031838400871493,15225702079.675428390502930
164,1030,Gulf of Mexico,Mississippi River system,Lower Missouri,10,1030, , ,1227793.284076451789588,26763166911.075000762939453
165,104,Atlantic Ocean,Atlantic Ocean Seaboard,Androscoggin,1,104, , ,608881.674020488397218,9052121181.057685852050781
166,105,Atlantic Ocean,Atlantic Ocean Seaboard,Maine Coastal,1,105, , ,1730845.652496944414452,13804669569.140005111694336
167,106,Atlantic Ocean,Atlantic Ocean Seaboard,Saco,1,106, , ,752504.728610213263892,10814011125.350734710693359
168,107,Atlantic Ocean,Atlantic Ocean Seaboard,Merrimack,1,107, , ,701073.105684424052015,12874564907.863471984863281
169,108,Atlantic Ocean,Atlantic Ocean Seaboard,Lower Connecticut,1,108, , ,1297644.363110545556992,29132020584.558544158935547
170,109,Atlantic Ocean,Atlantic Ocean Seaboard,Massachusetts-Rhode Island Coastal.,1,109, , ,1466240.280602043727413,11142329545.250684738159180
171,10A,Arctic Ocean,Mackenzie River,Upper Liard,-999,-999,10,10A,1607656.457255166256800,61579914533.008270263671875
172,10B,Arctic Ocean,Mackenzie River,Central Liard,-999,-999,10,10B,1853253.321085876086727,71633499196.625671386718750
173,10C,Arctic Ocean,Mackenzie River,Fort Nelson,-999,-999,10,10C,1290212.360893121920526,54486241285.456260681152344
174,10D,Arctic Ocean,Mackenzie River,Central Liard - Petitot,-999,-999,10,10D,1416849.820196432061493,30419880785.764549255371094
175,10E,Arctic Ocean,Mackenzie River,Lower Liard,-999,-999,10,10E,1921424.645259089767933,55311551694.026306152343750
176,10F,Arctic Ocean,Mackenzie River,Upper Mackenzie - Mills Lake,-999,-999,10,10F,1646903.997383044334128,50093969858.170021057128906
177,10G,Arctic Ocean,Mackenzie River,Upper Mackenzie - Camsell Bend,-999,-999,10,10G,1713354.827594183385372,57521309441.571777343750000
178,10H,Arctic Ocean,Mackenzie River,Central Mackenzie - Blackwater Lake,-999,-999,10,10H,1812187.773171399487182,66873918827.347381591796875
179,10J,Arctic Ocean,Mackenzie River,Great Bear,-999,-999,10,10J,2946756.276403679512441,157092676410.997375488281250
180,10K,Arctic Ocean,Mackenzie River,Central Mackenzie - The Ramparts,-999,-999,10,10K,1229761.322393676498905,46891151917.382186889648438
181,10L,Arctic Ocean,Mackenzie River,Lower Mackenzie,-999,-999,10,10L,3061116.602826227433980,76757775653.711654663085938
182,10M,Arctic Ocean,Mackenzie River,Peel,-999,-999,10,10M,2519145.785538654308766,89946288255.927230834960938
183,10N,Arctic Ocean,Arctic Ocean Seaboard,Southern Beaufort Sea,-999,-999,10,10N,2902916.909906001295894,97921655504.711074829101563
184,10O,Arctic Ocean,Arctic Ocean Seaboard,Amundsen Gulf,-999,-999,10,10O,2822681.021056656260043,90557525529.213195800781250
185,10P,Arctic Ocean,Arctic Ocean Seaboard,Coppermine,-999,-999,10,10P,2040637.079456463921815,50392063087.209815979003906
186,10Q,Arctic Ocean,Arctic Ocean Seaboard,Coronation Gulf - Queen Maud Gulf,-999,-999,10,10Q,6353818.733815753832459,171677940427.306488037109375
187,10R,Arctic Ocean,Arctic Ocean Seaboard,Back,-999,-999,10,10R,4149862.616293119266629,135094144404.663833618164063
188,10S,Arctic Ocean,Arctic Ocean Seaboard,Gulf of Boothia,-999,-999,10,10S,5111674.184153513051569,114103275512.400054931640625
189,10T,Arctic Ocean,Arctic Ocean Seaboard,Southern Arctic Islands,-999,-999,10,10T,11777346.291922656819224,369994401739.106811523437500
190,10U,Arctic Ocean,Arctic Ocean Seaboard,Baffin Island - Arctic Drainage,-999,-999,10,10U,19724494.312004778534174,297592241538.225952148437500
191,10V,Arctic Ocean,Arctic Ocean Seaboard,Northern Arctic Islands,-999,-999,10,10V,24493522.793286390602589,420492551891.322509765625000
192,110,Atlantic Ocean,Atlantic Ocean Seaboard,Connecticut Coastal,1,110, , ,1016321.415180454845540,12112501734.823575973510742
193,1101,Gulf of Mexico,Mississippi River system,Upper White,11,1101, , ,1328728.158620932372287,57871059111.197608947753906
194,1102,Gulf of Mexico,Mississippi River system,Upper Arkansas,11,1102, , ,1405079.744335328228772,64505572177.989730834960938
195,1103,Gulf of Mexico,Mississippi River system,Middle Arkansas,11,1103, , ,1451562.409359459066764,52791227928.090553283691406
196,1104,Gulf of Mexico,Mississippi River system,Upper Cimarron,11,1104, , ,1095867.764096918283030,31222320300.442226409912109
197,1105,Gulf of Mexico,Mississippi River system,Lower Cimarron,11,1105, , ,936378.721469533396885,18427754798.308032989501953
198,1106,Gulf of Mexico,Mississippi River system,Arkansas - Keystone,11,1106, , ,988556.817947026458569,25580476223.333457946777344
199,1107,Gulf of Mexico,Mississippi River system,Neosho,11,1107, , ,1345568.796731031499803,53675466571.856857299804688
200,1108,Gulf of Mexico,Mississippi River system,Upper Canadian,11,1108, , ,898438.548633349477313,32396147169.080612182617188
201,1109,Gulf of Mexico,Mississippi River system,Lower Canadian,11,1109, , ,2554807.123988507315516,44090544311.337936401367188
202,1110,Gulf of Mexico,Mississippi River system,Lower Beaver,11,1110, , ,1968426.222382901934907,46218622379.624595642089844
203,1111,Gulf of Mexico,Mississippi River system,Lower Arkansas-Fourche La Fave,11,1111, , ,1625878.655670839827508,41121411263.760665893554688
204,1112,Gulf of Mexico,Mississippi River system,North Fork Red,11,1112, , ,1254408.611348124453798,38355193860.308166503906250
205,1113,Gulf of Mexico,Mississippi River system,Red-Lake Texoma,11,1113, , ,1896645.111768055940047,64215283938.603057861328125
206,1114,Gulf of Mexico,Mississippi River system,Big Cypress - Sulphur,11,1114, , ,1622108.544271209044382,71574444249.317657470703125
207,1201,Gulf of Mexico,Gulf of Mexico Seaboard,Sabine,12,1201, , ,1290318.449509583879262,25559829363.331348419189453
208,1202,Gulf of Mexico,Gulf of Mexico Seaboard,Neches,12,1202, , ,956262.171018916647881,25912437174.659736633300781
209,1203,Gulf of Mexico,Gulf of Mexico Seaboard,Lower Trinity,12,1203, , ,1596452.421771400142461,46459099781.043304443359375
210,1204,Gulf of Mexico,Gulf of Mexico Seaboard,Galveston Bay-Sabine Lake,12,1204, , ,1258344.552450099494308,18797586874.947097778320313
211,1205,Gulf of Mexico,Gulf of Mexico Seaboard,Brazos Headwaters,12,1205, , ,1041016.058515983750112,37373639773.780540466308594
212,1206,Gulf of Mexico,Gulf of Mexico Seaboard,Middle Brazos-Bosque,12,1206, , ,1336873.812763471156359,40567384312.715583801269531
213,1207,Gulf of Mexico,Gulf of Mexico Seaboard,Little,12,1207, , ,1477236.223446293035522,40214041561.923324584960938
214,1208,Gulf of Mexico,Gulf of Mexico Seaboard,Upper Colorado,12,1208, , ,1117378.243806618964300,41563653971.198593139648438
215,1209,Gulf of Mexico,Gulf of Mexico Seaboard,Lower Colorado-La Grange,12,1209, , ,2195654.173962083645165,73155609327.509490966796875
216,1210,Gulf of Mexico,Gulf of Mexico Seaboard,Central Texas Coastal,12,1210, , ,1745777.947655321331695,44284473200.816017150878906
217,1211,Gulf of Mexico,Gulf of Mexico Seaboard,Nueces,12,1211, , ,2244829.638987233396620,70540364140.070388793945313
218,1301,Gulf of Mexico,Rio Grande,Rio Grande Headwaters,13,1301, , ,766008.024372067651711,19777275221.009807586669922
219,1302,Gulf of Mexico,Rio Grande,Rio Grande-Elephant Butte,13,1302, , ,1660852.753764326684177,69988641567.003295898437500
220,1303,Gulf of Mexico,Rio Grande,Mimbres-Casas Grandes,13,1303, , ,2154154.211433807853609,118031152727.260452270507813
221,1304,Gulf of Mexico,Rio Grande,Devils,13,1304, , ,4044372.019710930064321,152194054938.144012451171875
222,1305,Gulf of Mexico,Rio Grande,Rio Grande Closed Basins,13,1305, , ,1638146.587703979341313,45491999121.219192504882813
223,1306,Gulf of Mexico,Rio Grande,Upper Pecos,13,1306, , ,1385562.243217692710459,61159141623.319625854492188
224,1307,Gulf of Mexico,Rio Grande,Lower Pecos,13,1307, , ,1366041.779905305476859,53653152626.146125793457031
225,1308,Gulf of Mexico,Rio Grande,Rio Grande-Falcon,13,1308, , ,1570862.255675155436620,93067452888.233062744140625
226,1309,Gulf of Mexico,Rio Grande,Lower Rio Grande,13,1309, , ,1635059.664885290665552,50612720414.557083129882813
227,1401,Pacific Ocean,Colorado River,Colorado Headwaters,14,1401, , ,1018977.258865398936905,25534366012.064781188964844
228,1402,Pacific Ocean,Colorado River,Gunnison,14,1402, , ,728580.344935157336295,20774000250.373813629150391
229,1403,Pacific Ocean,Colorado River,Upper Colorado-Dolores,14,1403, , ,814929.669602140667848,21663427636.623001098632813
230,1404,Pacific Ocean,Colorado River,Great Divide Closed Basin,14,1404, , ,1382344.004972349386662,53935113020.216300964355469
231,1405,Pacific Ocean,Colorado River,White-Yampa,14,1405, , ,1000924.962027772795409,34101917103.350593566894531
232,1406,Pacific Ocean,Colorado River,Lower Green,14,1406, , ,1038480.343229857273400,37560641505.711624145507813
233,1407,Pacific Ocean,Colorado River,Upper Colorado-Dirty Devil,14,1407, , ,1004003.990639189840294,35357412304.887756347656250
234,1408,Pacific Ocean,Colorado River,Lower San Juan,14,1408, , ,1433510.814678244059905,64945992216.601875305175781
235,1501,Pacific Ocean,Colorado River,Lower Colorado-Lake Mead,15,1501, , ,2249580.572325928136706,78532812533.831207275390625
236,1502,Pacific Ocean,Colorado River,Little Colorado,15,1502, , ,1474820.983053790172562,69439277457.901199340820313
237,1503,Pacific Ocean,Colorado River,Bill Williams,15,1503, , ,1972316.190447233850136,53901785633.206077575683594
238,1504,Pacific Ocean,Colorado River,Upper Gila,15,1504, , ,1245582.706489381147549,39531132218.415100097656250
239,1505,Pacific Ocean,Colorado River,Middle Gila,15,1505, , ,1130475.792766378726810,46856282531.677070617675781
240,1506,Pacific Ocean,Colorado River,Salt,15,1506, , ,1484947.810493314871565,34870506621.802421569824219
241,1507,Pacific Ocean,Colorado River,Lower Gila,15,1507, , ,1097419.286651541013271,39203345873.679100036621094
242,1508,Pacific Ocean,Pacific Ocean Seaboard,Rio De La Concepcion,15,1508, , ,3192636.127563168760389,194021164883.967285156250000
243,1601,Pacific Ocean,Great Basin,Lower Bear,16,1601, , ,921776.696894791559316,19390738023.329494476318359
244,1602,Pacific Ocean,Great Basin,Great Salt Lake,16,1602, , ,1878718.784239597851411,74382171018.376632690429688
245,1603,Pacific Ocean,Great Basin,Escalante Desert-Sevier Lake,16,1603, , ,1155554.110372837632895,42475584066.485923767089844
246,1604,Pacific Ocean,Great Basin,Black Rock Desert,16,1604, , ,2619380.932363896630704,74155021543.327514648437500
247,1605,Pacific Ocean,Great Basin,Carson,16,1605, , ,1291480.662478145910427,32859577816.339565277099609
248,1606,Pacific Ocean,Great Basin,Central Nevada Desert Basins,16,1606, , ,3745716.834335734602064,123611848583.652725219726563
249,1701,Pacific Ocean,Columbia River,Kootenay River,17,1701,08,08N,2771275.337787252385169,134385794983.826690673828125
250,1702,Pacific Ocean,Columbia River,Upper Columbia,17,1702,08,08N,3187427.218780480790883,119429023580.494583129882813
251,1703,Pacific Ocean,Columbia River,Yakima,17,1703, , ,680859.409196013701148,15898086839.975372314453125
252,1704,Pacific Ocean,Columbia River,Snake Headwaters,17,1704, , ,1951879.374295654706657,92922386144.914016723632813
253,1705,Pacific Ocean,Columbia River,Middle Snake-Boise,17,1705, , ,1846557.312937253853306,95585251837.651870727539063
254,1706,Pacific Ocean,Columbia River,Clearwater,17,1706, , ,2340500.299941921140999,90581520757.304611206054688
255,1707,Pacific Ocean,Columbia River,Deschutes,17,1707, , ,1674222.968151828506961,77163460985.672378540039063
256,1708,Pacific Ocean,Columbia River,Lower Columbia,17,1708, , ,1027233.539938200498000,14989002734.187456130981445
257,1709,Pacific Ocean,Columbia River,Willamette,17,1709, , ,918668.016660452703945,30264262742.588550567626953
258,1710,Pacific Ocean,Pacific Ocean Seaboard,Northern Oregon Coastal,17,1710, , ,2605183.220320165157318,59157975431.823310852050781
259,1711,Pacific Ocean,Fraser River,Lower Fraser,17,1711,08,08M,4414600.003609768114984,98065937318.959762573242188
260,1712,Pacific Ocean,Columbia River,Oregon Closed Basins,17,1712, , ,1333699.658277489012107,44984176199.045448303222656
261,1801,Pacific Ocean,Pacific Ocean Seaboard,Klamath,18,1801, , ,1983297.791553347837180,64681777037.423667907714844
262,1802,Pacific Ocean,Pacific Ocean Seaboard,Lower Sacramento,18,1802, , ,1818954.907213349826634,71883083317.455657958984375
263,1803,Pacific Ocean,Pacific Ocean Seaboard,Tulare-Buena Vista Lakes,18,1803, , ,908331.316469760262407,42571716448.358856201171875
264,1804,Pacific Ocean,Pacific Ocean Seaboard,San Joaquin,18,1804, , ,1044064.403406931553036,40987422130.401557922363281
265,1805,Pacific Ocean,Pacific Ocean Seaboard,San Francisco Bay,18,1805, , ,929873.436055322177708,10476076020.140316009521484
266,1806,Pacific Ocean,Pacific Ocean Seaboard,Central California Coastal,18,1806, , ,1374476.966033729724586,29868825914.779357910156250
267,1807,Pacific Ocean,Pacific Ocean Seaboard,San Diego Coastal-Baja California,18,1807, , ,2180216.604966768529266,55000514039.615821838378906
268,1808,Pacific Ocean,Pacific Ocean Seaboard,North Lahontan,18,1808, , ,877454.972493755281903,11754429581.263050079345703
269,1809,Pacific Ocean,Pacific Ocean Seaboard,Mono-Owens Lakes,18,1809, , ,1859282.144059121143073,73599691374.730804443359375
270,1810,Pacific Ocean,Pacific Ocean Seaboard,Salton Sea,18,1810, , ,1264187.429302326170728,43860512329.758445739746094
271,1901,Pacific Ocean,Pacific Ocean Seaboard,Central Boundary Ranges,19,1901, , ,13258577.149119682610035,236382738219.470642089843750
272,1902,Pacific Ocean,Pacific Ocean Seaboard,Copper River,19,1902, , ,10887264.432733505964279,212015026181.843536376953125
273,1903,Pacific Ocean,Pacific Ocean Seaboard,Aleutian Islands,19,1903, , ,11442594.363234456628561,290104666045.312316894531250
274,1904,Pacific Ocean,Yukon River,Central Yukon,19,1904, , ,7116626.578077435493469,657824276404.903808593750000
275,1905,Arctic Ocean,Arctic Ocean Seaboard,Kobuk-Selawik Rivers,19,1905, , ,5267571.770463771186769,178047523173.309143066406250
276,1906,Arctic Ocean,Arctic Ocean Seaboard,Barrow Alaska,19,1906, , ,4165859.190580768976361,218549677947.869903564453125
277,2001,Pacific Ocean,Pacific Ocean Seaboard,Hawaii,20,2001, , ,467653.547381042444613,10457731036.129873275756836
278,2002,Pacific Ocean,Pacific Ocean Seaboard,Maui,20,2002, , ,214251.432301973167341,1912628452.786438226699829
279,2003,Pacific Ocean,Pacific Ocean Seaboard,Kahoolawe,20,2003, , ,44711.665870218552300,120927308.421915203332901
280,2004,Pacific Ocean,Pacific Ocean Seaboard,Lanai,20,2004, , ,78978.106869374008966,367646970.175731122493744
281,2005,Pacific Ocean,Pacific Ocean Seaboard,Molokai,20,2005, , ,140227.027661992033245,669559208.211034417152405
282,2006,Pacific Ocean,Pacific Ocean Seaboard,Oahu,20,2006, , ,207303.241480651166057,1553411778.788414716720581
283,2007,Pacific Ocean,Pacific Ocean Seaboard,Kauai,20,2007, , ,145908.949914905679179,1461754894.619550704956055
284,2008,Pacific Ocean,Pacific Ocean Seaboard,Niihau,20,2008, , ,68596.300216028423165,187462598.450949907302856
285,201,Atlantic Ocean,St. Lawrence River,Richelieu,2,201,02,02O,1170585.114137699361891,23951725263.148899078369141
286,202,Atlantic Ocean,Atlantic Ocean Seaboard,Upper Hudson,2,202, , ,1400735.949752015061677,33982906697.452774047851563
287,203,Atlantic Ocean,Atlantic Ocean Seaboard,Long Island,2,203, , ,1323766.097600432345644,11278716316.277458190917969
288,204,Atlantic Ocean,Atlantic Ocean Seaboard,Lower Delaware,2,204, , ,1814935.637837083311751,38214083403.162803649902344
289,205,Atlantic Ocean,Atlantic Ocean Seaboard,Lower Susquehanna,2,205, , ,1921014.837494281819090,70985363642.400360107421875
290,206,Atlantic Ocean,Atlantic Ocean Seaboard,Upper Chesapeake,2,206, , ,2047843.737961139064282,18213186480.382720947265625
291,207,Atlantic Ocean,Atlantic Ocean Seaboard,Potomac,2,207, , ,1765577.902317260159180,37092685817.974372863769531
292,208,Atlantic Ocean,Atlantic Ocean Seaboard,James-Chesapeake Bay,2,208, , ,2475526.037069288082421,43070075803.894500732421875
293,2101,Atlantic Ocean,Atlantic Ocean Seaboard,Puerto Rico,21,2101, , ,590021.832084334688261,9040733234.786312103271484
294,2102,Atlantic Ocean,Atlantic Ocean Seaboard,Virgin Islands,21,2102, , ,174441.656013998086564,374002452.985494434833527
295,301,Atlantic Ocean,Atlantic Ocean Seaboard,Albemarle-Chowan,3,301, , ,2418003.796760370489210,45310811899.471435546875000
296,302,Atlantic Ocean,Atlantic Ocean Seaboard,Neuse,3,302, , ,1752788.827422297326848,28654119812.403903961181641
297,303,Atlantic Ocean,Atlantic Ocean Seaboard,Cape Fear,3,303, , ,1236040.669480674201623,25012291184.805206298828125
298,304,Atlantic Ocean,Atlantic Ocean Seaboard,Lower Pee Dee,3,304, , ,1386820.369053242495283,47974222714.318824768066406
299,305,Atlantic Ocean,Atlantic Ocean Seaboard,Edisto-South Carolina Coastal,3,305, , ,1686406.724711223738268,59334449584.516281127929688
300,306,Atlantic Ocean,Atlantic Ocean Seaboard,Ogeechee,3,306, , ,1443367.837820223299786,43181752606.810592651367188
301,307,Atlantic Ocean,Atlantic Ocean Seaboard,Altamaha,3,307, , ,1784689.168472109129652,52478988710.398094177246094
302,308,Atlantic Ocean,Atlantic Ocean Seaboard,East Florida Coastal,3,308, , ,2007310.009819553233683,28978105833.800964355468750
303,309,Atlantic Ocean,Atlantic Ocean Seaboard,Kissimmee,3,309, , ,2325008.140989778563380,42210273760.911674499511719
304,310,Gulf of Mexico,Gulf of Mexico Seaboard,Peace,3,310, , ,1342682.336453405208886,23240606676.254505157470703
305,311,Gulf of Mexico,Gulf of Mexico Seaboard,Aucilla-Waccasassa,3,311, , ,1149985.072725784732029,34935446183.811019897460938
306,312,Gulf of Mexico,Gulf of Mexico Seaboard,Ochlockonee,3,312, , ,569630.214319863123819,9272917508.134979248046875
307,313,Gulf of Mexico,Gulf of Mexico Seaboard,Apalachicola,3,313, , ,1896739.855482488404959,52407139376.196220397949219
308,314,Gulf of Mexico,Gulf of Mexico Seaboard,Choctawhatchee,3,314, , ,1842345.343653035582975,37259710314.487655639648438
309,315,Gulf of Mexico,Gulf of Mexico Seaboard,Alabama,3,315, , ,1544120.976405542576686,58835211773.499641418457031
310,316,Gulf of Mexico,Gulf of Mexico Seaboard,Black Warrior - Tombigbee,3,316, , ,1702474.359142949571833,55672745915.088783264160156
311,317,Gulf of Mexico,Gulf of Mexico Seaboard,Pascagoula,3,317, , ,1020517.784194243955426,29234236009.335815429687500
312,318,Gulf of Mexico,Gulf of Mexico Seaboard,Pearl,3,318, , ,1007897.847518116352148,22373002780.566673278808594
313,401,Atlantic Ocean,St. Lawrence River,Northwestern Lake Superior,4,401,02,02A,3255371.768148516770452,67360753823.618583679199219
314,402,Atlantic Ocean,St. Lawrence River,Southcentral Lake Superior,4,402, , ,1580822.438881506910548,19380611968.012550354003906
315,403,Atlantic Ocean,St. Lawrence River,Fox,4,403, , ,1811065.728477232856676,48100353290.614418029785156
316,404,Atlantic Ocean,St. Lawrence River,Southwestern Lake Michigan,4,404, , ,934884.458578207879327,5156764627.949777603149414
317,405,Atlantic Ocean,St. Lawrence River,Southeastern Lake Michigan,4,405, , ,892356.421289597870782,33346237841.611705780029297
318,406,Atlantic Ocean,St. Lawrence River,Lake Michigan,4,406, , ,2048746.834702380234376,87305635900.093490600585938
319,407,Atlantic Ocean,St. Lawrence River,Northwestern Lake Huron,4,407, , ,1121721.454767143819481,17968804387.645690917968750
320,408,Atlantic Ocean,St. Lawrence River,Saginaw,4,408, , ,1104239.394774242769927,23603414457.779136657714844
321,409,Atlantic Ocean,St. Lawrence River,St. Clair-Detroit,4,409, , ,639332.850406808312982,9698088044.153482437133789
322,410,Atlantic Ocean,St. Lawrence River,Western Lake Erie,4,410, , ,1011554.916852126480080,30744969492.352531433105469
323,411,Atlantic Ocean,St. Lawrence River,Southern Lake Erie,4,411, , ,519631.484125492977910,7741196523.777146339416504
324,412,Atlantic Ocean,St. Lawrence River,Eastern Lake Erie,4,412, , ,1023472.853108484647237,16827215497.668397903442383
325,414,Atlantic Ocean,St. Lawrence River,Oswego,4,414, , ,799270.562153158825822,17700579402.676239013671875
326,415,Atlantic Ocean,St. Lawrence River,Northeastern Lake Ontario,4,415, , ,648282.307035850477405,5972584779.756195068359375
327,501,Gulf of Mexico,Mississippi River system,Allegheny,5,501, , ,988005.402884063543752,30200159555.988670349121094
328,502,Gulf of Mexico,Mississippi River system,Monongahela,5,502, , ,780417.215334463282488,19044420131.802947998046875
329,503,Gulf of Mexico,Mississippi River system,Upper Ohio-Beaver,5,503, , ,1501828.735807304037735,34670025021.004013061523438
330,504,Gulf of Mexico,Mississippi River system,Muskingum,5,504, , ,753901.135829601204023,20957848947.316749572753906
331,505,Gulf of Mexico,Mississippi River system,Kanawha,5,505, , ,1341713.531176132848486,31556379349.017898559570313
332,506,Gulf of Mexico,Mississippi River system,Scioto,5,506, , ,871988.558425825904123,16856323636.342834472656250
333,507,Gulf of Mexico,Mississippi River system,Big Sandy,5,507, , ,820992.248082852340303,15532064716.232646942138672
334,508,Gulf of Mexico,Mississippi River system,Great Miami,5,508, , ,635000.175246946630068,13967849967.165336608886719
335,509,Gulf of Mexico,Mississippi River system,Middle Ohio-Little Miami,5,509, , ,1508386.910564107820392,23047433347.760150909423828
336,510,Gulf of Mexico,Mississippi River system,Kentucky,5,510, , ,961331.859898084192537,27652605600.298919677734375
337,511,Gulf of Mexico,Mississippi River system,Green,5,511, , ,880425.502734147477895,23872194239.034461975097656
338,512,Gulf of Mexico,Mississippi River system,Patoka-White,5,512, , ,1661036.459782844875008,85298504394.864547729492188
339,513,Gulf of Mexico,Mississippi River system,Lower Cumberland,5,513, , ,1719503.412636943394318,46312842807.424873352050781
340,514,Gulf of Mexico,Mississippi River system,Lower Ohio,5,514, , ,1618526.254856743849814,32781434376.704345703125000
341,601,Gulf of Mexico,Mississippi River system,French Broad-Holston,6,601, , ,1330693.424405422760174,44768234970.433235168457031
342,602,Gulf of Mexico,Mississippi River system,Middle Tennessee-Hiwassee,6,602, , ,849319.599157370743342,13447340928.334878921508789
343,603,Gulf of Mexico,Mississippi River system,Middle Tennessee-Elk,6,603, , ,892120.396155738388188,26834063235.678707122802734
344,604,Gulf of Mexico,Mississippi River system,Lower Tennessee,6,604, , ,1028708.270310634397902,20904177048.438087463378906
345,701,Gulf of Mexico,Mississippi River system,Mississippi Headwaters,7,701, , ,1424077.494230034761131,51863246856.402610778808594
346,702,Gulf of Mexico,Mississippi River system,Minnesota,7,702, , ,1560501.864965663757175,43797721203.534561157226563
347,703,Gulf of Mexico,Mississippi River system,St. Croix,7,703, , ,917083.475898640928790,19883369174.587512969970703
348,704,Gulf of Mexico,Mississippi River system,Upper Mississippi-Black-Root,7,704, , ,1203259.618869504891336,27705693950.427650451660156
349,705,Gulf of Mexico,Mississippi River system,Chippewa,7,705, , ,904540.491821646457538,24741993722.232154846191406
350,706,Gulf of Mexico,Mississippi River system,Upper Mississippi-Maquoketa-Plum,7,706, , ,865426.895036703557707,22319981317.347873687744141
351,707,Gulf of Mexico,Mississippi River system,Wisconsin,7,707, , ,1263837.835496387444437,30820022809.463836669921875
352,708,Gulf of Mexico,Mississippi River system,Iowa,7,708, , ,1438869.243092230753973,59367505444.481781005859375
353,709,Gulf of Mexico,Mississippi River system,Rock,7,709, , ,1071008.693459868663922,28367652715.342510223388672
354,710,Gulf of Mexico,Mississippi River system,Des Moines,7,710, , ,1632891.563163095153868,37335286960.881561279296875
355,711,Gulf of Mexico,Mississippi River system,Upper Mississippi-Salt,7,711, , ,950060.494707723497413,25994418224.926055908203125
356,712,Gulf of Mexico,Mississippi River system,Upper Illinois,7,712, , ,1302665.712376971961930,28367196162.939971923828125
357,713,Gulf of Mexico,Mississippi River system,Lower Illinois,7,713, , ,1097636.924152662046254,46339509841.219436645507813
358,714,Gulf of Mexico,Mississippi River system,Kaskaskia,7,714, , ,2254868.540861140936613,46967144875.047065734863281
359,801,Gulf of Mexico,Mississippi River system,Hatchie-Obion,8,801, , ,948309.741271670907736,25837549963.694519042968750
360,802,Gulf of Mexico,Mississippi River system,Lower Arkansas,8,802, , ,1587926.317859000060707,43343485492.165786743164063
361,803,Gulf of Mexico,Mississippi River system,Lower Mississippi-Greenville,8,803, , ,1017339.500521615962498,36585233309.943023681640625
362,804,Gulf of Mexico,Mississippi River system,Lower Ouachita,8,804, , ,1570360.102662906982005,53314681324.728759765625000
363,805,Gulf of Mexico,Mississippi River system,Boeuf-Tensas,8,805, , ,901793.531680873362347,13576209354.512235641479492
364,806,Gulf of Mexico,Mississippi River system,Big Black - Homochitto,8,806, , ,1023212.655741964466870,18301264476.301246643066406
365,807,Gulf of Mexico,Mississippi River system,Lake Maurepas,8,807, , ,615445.656338369008154,15138284134.125894546508789
366,808,Gulf of Mexico,Mississippi River system,Atchafalaya-Vermillion,8,808, , ,1144209.242254711454734,34322194101.939388275146484
367,809,Gulf of Mexico,Mississippi River system,Central Louisiana Coastal,8,809, , ,2101467.830749156419188,18990172143.362213134765625
368,901,Hudson Bay,Nelson River,Souris,9,901,05,05N,1809879.180168807506561,62210096709.430419921875000
369,902,Hudson Bay,Nelson River,Devils Lake-Sheyenne,9,902, , ,2613094.253945809323341,127040357260.149444580078125
370,903,Hudson Bay,Nelson River,Rainy and Winnipeg,9,903,05,05P,2111671.532999997492880,84233332386.824752807617188